<?xml version="1.0" encoding="utf-8"?>
<!DOCTYPE install>
<kinstall type="kunena-template" version="1.6">
	<name>Flat (Quick reply at page bottom)</name>
	<creationDate>2011-08-29</creationDate>
	<version>1.7.0</version>
	<build>5135</build>
	<author>DesignExpo</author>
	<authorEmail>team@kunena.com</authorEmail>
	<authorUrl>http://designexpo.info</authorUrl>
	<copyright>Kunena Team</copyright>
	<license>GNU/GPL</license>
	<description>COM_KUNENA_TEMPLATE_EXAMPLE_TEMPLATE_DESC</description>
	<thumbnail>template_thumbnail.png</thumbnail>
	<params>
		<param name="avatarPosition" type="list" default="left" label="COM_KUNENA_TEMPLATE_PROFILE_POSITION" description="COM_KUNENA_TEMPLATE_PROFILEPOSITION_DESC">
			<option value="left">COM_KUNENA_TEMPLATE_LEFT</option>
			<option value="top">COM_KUNENA_TEMPLATE_TOP</option>
			<option value="right">COM_KUNENA_TEMPLATE_RIGHT</option>
			<option value="bottom">COM_KUNENA_TEMPLATE_BOTTOM</option>
		</param>
		<param name="buttonIconset" type="list" default="default" label="COM_KUNENA_TEMPLATE_BUTTON_SET" description="COM_KUNENA_TEMPLATE_BUTTON_SET_DESC">
			<option value="default">COM_KUNENA_TEMPLATE_DEFAULT</option>
			<option value="bluebird">COM_KUNENA_TEMPLATE_BUTTON_SET_BLUEBIRD</option>
			<option value="graybird">COM_KUNENA_TEMPLATE_BUTTON_SET_GRAYBIRD</option>
			<option value="blackbird">COM_KUNENA_TEMPLATE_BUTTON_SET_BLACKBIRD</option>
			<option value="whitebird">COM_KUNENA_TEMPLATE_BUTTON_SET_WHITEBIRD</option>
		</param>
		<param name="profileIconset" type="list" default="default" label="COM_KUNENA_TEMPLATE_PROFILE_ICON_SET" description="COM_KUNENA_TEMPLATE_PROFILE_ICON_SET_DESC">
			<option value="default">COM_KUNENA_TEMPLATE_DEFAULT</option>
		</param>
		<param name="editorIconset" type="list" default="default" label="COM_KUNENA_TEMPLATE_EDITOR_ICON_SET" description="COM_KUNENA_TEMPLATE_EDITOR_ICON_SET_DESC">
			<option value="default">COM_KUNENA_TEMPLATE_DEFAULT</option>
		</param>
		<param name="forumHeadercolor" type="text" default="#5388B4" label="COM_KUNENA_TEMPLATE_FORUM_HEADER_BACKGROUND" description="COM_KUNENA_TEMPLATE_HEADER_BACKGROUND_COLOR_DESC" />
		<param name="announcementHeadercolor" type="text" default="#990000" label="COM_KUNENA_TEMPLATE_ANNOUNCEMENT_HEADER_BACKGROUND" description="COM_KUNENA_TEMPLATE_HEADER_BACKGROUND_COLOR_DESC" />
		<param name="announcementBoxbgcolor" type="text" default="#FFFFAA" label="COM_KUNENA_TEMPLATE_ANNOUNCEMENT_BOX_BACKGROUND" description="COM_KUNENA_TEMPLATE_HEADER_BACKGROUND_COLOR_DESC" />
		<param name="frontstatsHeadercolor" type="text" default="#000000" label="COM_KUNENA_TEMPLATE_FRONTSTATS_HEADER_BACKGROUND" description="COM_KUNENA_TEMPLATE_HEADER_BACKGROUND_COLOR_DESC" />
		<param name="whoisonlineHeadercolor" type="text" default="#3B5323" label="COM_KUNENA_TEMPLATE_WHOISONLINE_HEADER_BACKGROUND" description="COM_KUNENA_TEMPLATE_HEADER_BACKGROUND_COLOR_DESC" />

		<param name="templatebyText" type="hidden" default="Design" />
		<param name="templatebyName" type="hidden" default="" />
		<param name="templatebyLink" type="hidden" default="http://designexpo.info" />
		
		<!-- Required avatar sizes -->
		<param name="avatarSizeXThumb" type="hidden" default="36" />
		<param name="avatarSizeYThumb" type="hidden" default="36" />
		<param name="avatarSizeXWelcome" type="hidden" default="72" />
		<param name="avatarSizeYWelcome" type="hidden" default="72" />
		<param name="avatarSizeXList" type="hidden" default="36" />
		<param name="avatarSizeYList" type="hidden" default="36" />
		<param name="avatarSizeXPost" type="hidden" default="144" />
		<param name="avatarSizeYPost" type="hidden" default="144" />
		<param name="avatarSizeXProfile" type="hidden" default="200" />
		<param name="avatarSizeYProfile" type="hidden" default="200" />
	</params>
</kinstall>
